split,model,horizon,RMSE,MAE,R2,daylight_RMSE,n_daylight
test,Persistence_current,1,260.56352383863356,157.86764100645405,0.9584775909831755,343.86330770546533,2398
test,Persistence_current,2,496.6913331456506,318.22903411290895,0.8248961232902096,609.0249725772077,2292
test,Persistence_current,3,839.232815166859,588.0839506776359,0.3749770872623094,1122.9314366640942,2188
test,Persistence_current,4,1246.2715270651547,904.5108144824189,-0.46698312299774125,1720.2107385132854,2188
test,Persistence_current,5,1638.7602998457621,1205.8546005359708,-1.1329888880525711,2285.678829427201,2188
test,Persistence_current,6,1937.794154986139,1433.8883391448508,-1.4170838543354134,2564.344882711932,2343
test,Persistence_current,7,2083.2506465809706,1578.3354245258406,-1.654228785295997,2552.6193591511733,2398
test,Persistence_current,8,2085.5268390057213,1672.0684699439175,-2.087186053524619,2142.7677471894135,2293
test,Persistence_current,9,2048.180037713945,1741.7351879440596,-2.7233728176860588,1980.7854507246043,2189
test,Persistence_current,10,2038.9411690754941,1755.9011257935094,-2.9271516850749326,1961.6338853063025,2189
test,Persistence_current,11,2070.1665651734916,1714.122660785716,-2.403788699422149,2025.9728325117758,2189
test,Persistence_current,12,2111.0382740337313,1636.4721911366955,-1.868124743493623,2060.449827292126,2344
test,Persistence_current,13,2107.46191679864,1525.5582564963797,-1.7157421533635637,2039.9391217719483,2399
test,Persistence_current,14,2040.7207716499358,1473.2955513900345,-1.9555788389652724,1956.6189170665152,2293
test,Persistence_current,15,1961.8725379625787,1540.0707136005578,-2.4158453314260013,1838.2153830876582,2189
test,Persistence_current,16,1913.8068421487956,1553.7601798822109,-2.460049999991212,1733.939573291764,2189
test,Persistence_current,17,1916.6644933466096,1511.684100096809,-1.9181995963169451,1740.2395654913591,2189
test,Persistence_current,18,1938.7136290118467,1433.8711657272454,-1.4194781542539276,2129.4136891478975,2344
test,Persistence_current,19,1865.6871034025341,1321.9107472158496,-1.1288834854283816,2358.9917124122644,2398
test,Persistence_current,20,1618.9585990669423,1128.7898377566025,-0.8604847792797241,2237.1885495354386,2292
test,Persistence_current,21,1236.1307561436724,850.1064172077593,-0.3560618473417656,1748.2550969100485,2188
test,Persistence_current,22,807.902437500582,539.2888502997298,0.383505839904442,1142.5279150828037,2188
test,Persistence_current,23,416.1343775442021,257.89547970427316,0.862457157264841,588.2803859856036,2188
test,Persistence_current,24,227.7508019737055,82.70822751797142,0.966610360110606,311.2870278883228,2343
test,SeasonalPersistence_yesterday,1,228.91555072910387,76.41871374808737,0.967951633631442,309.2700307406383,2398
test,SeasonalPersistence_yesterday,2,249.21185965308592,94.50620250775985,0.9559181300264964,344.38907965404803,2292
test,SeasonalPersistence_yesterday,3,257.30996191939084,110.66920651424304,0.9412450818725103,363.93281357151733,2188
test,SeasonalPersistence_yesterday,4,256.51440721698964,115.97944892463222,0.9378525524772714,362.8076007774413,2188
test,SeasonalPersistence_yesterday,5,244.5305411423294,103.69961694269004,0.9525076191053619,345.85791851297597,2188
test,SeasonalPersistence_yesterday,6,227.75569054324384,82.72508013104095,0.9666101161990708,311.2937095571648,2343
test,SeasonalPersistence_yesterday,7,228.91555072910387,76.41871374808737,0.967951633631442,309.2700307406383,2398
test,SeasonalPersistence_yesterday,8,249.21187933071508,94.50769942390176,0.9559172460885327,344.3140029081477,2293
test,SeasonalPersistence_yesterday,9,257.3103030526124,110.67553962636053,0.9412355577631122,363.85015881439324,2189
test,SeasonalPersistence_yesterday,10,256.5149215335102,115.98721314871014,0.9378424980113584,362.72544795513073,2189
test,SeasonalPersistence_yesterday,11,244.53149775581633,103.70995554794371,0.9525078722096237,345.7802631221606,2189
test,SeasonalPersistence_yesterday,12,227.75628711214011,82.73295950895034,0.9666153697808606,311.22811544470443,2344
test,SeasonalPersistence_yesterday,13,228.91632193078416,76.4276952449388,0.9679577812255543,309.2066076071289,2399
test,SeasonalPersistence_yesterday,14,249.21191320628756,94.50858770191384,0.9559229036387356,344.3140497110937,2293
test,SeasonalPersistence_yesterday,15,257.30967245942935,110.67105711914509,0.9412417509608234,363.84926712281657,2189
test,SeasonalPersistence_yesterday,16,256.51134465728506,115.96805753614196,0.937841672057935,362.72039006600954,2189
test,SeasonalPersistence_yesterday,17,244.5216828868794,103.67745110605688,0.9525039437557185,345.7663843867229,2189
test,SeasonalPersistence_yesterday,18,227.75081329996596,82.70931319327613,0.9666101666516669,311.22063546564965,2344
test,SeasonalPersistence_yesterday,19,228.9007236811766,76.38730321879362,0.9679543853860239,309.2499989617387,2398
test,SeasonalPersistence_yesterday,20,249.20199012353157,94.47497293473597,0.9559183696746416,344.3754408051058,2292
test,SeasonalPersistence_yesterday,21,257.30401759630735,110.64527233839307,0.9412451383877314,363.92440606872026,2188
test,SeasonalPersistence_yesterday,22,256.5075769539812,115.94704314718406,0.937854236701057,362.7979402232382,2188
test,SeasonalPersistence_yesterday,23,244.51989586908948,103.66332088171524,0.9525103235929485,345.8428621031403,2188
test,SeasonalPersistence_yesterday,24,227.7508019737055,82.70822751797142,0.966610360110606,311.2870278883228,2343
test,SeasonalPersistence_weekly,1,273.2155980971586,103.2921015826812,0.9543473193041321,369.11311047695017,2398
test,SeasonalPersistence_weekly,2,297.14022204366466,124.78867561631424,0.9373320505562176,410.6205702398953,2292
test,SeasonalPersistence_weekly,3,307.21617565439755,145.2095414096971,0.9162433725753708,434.5189216405565,2188
test,SeasonalPersistence_weekly,4,309.01239663983154,150.717754493872,0.9098114143841078,437.0594519494064,2188
test,SeasonalPersistence_weekly,5,295.4749681765395,137.97681403819192,0.9306575609525719,417.9124496630649,2188
test,SeasonalPersistence_weekly,6,280.30967055578776,114.26501196760387,0.9494230546476237,383.11770632638974,2343
test,SeasonalPersistence_weekly,7,273.2155980971586,103.2921015826812,0.9543473193041321,369.11311047695017,2398
test,SeasonalPersistence_weekly,8,297.1402472670101,124.79052620029951,0.9373307931837338,410.5310574768565,2293
test,SeasonalPersistence_weekly,9,307.2177894758485,145.22459281588462,0.9162291377369831,434.42194177719455,2189
test,SeasonalPersistence_weekly,10,309.0269416982399,150.7630732019715,0.9097886932241998,436.9801771670224,2189
test,SeasonalPersistence_weekly,11,295.50268666617325,138.0379901735211,0.930645462579153,417.8561767562901,2189
test,SeasonalPersistence_weekly,12,280.3536634422184,114.34007982720733,0.9494154032157277,383.09609190966694,2344
test,SeasonalPersistence_weekly,13,273.27450484729263,103.37786170840944,0.9543366999123891,369.1157415745562,2399
test,SeasonalPersistence_weekly,14,297.15723587660113,124.83713620913363,0.9373316877966366,410.55452924412793,2293
test,SeasonalPersistence_weekly,15,307.2139787358013,145.21795540649052,0.9162396337839156,434.4165531924588,2189
test,SeasonalPersistence_weekly,16,308.9444947273937,150.67806153431422,0.9098331100546703,436.86359285974726,2189
test,SeasonalPersistence_weekly,17,295.30612300962184,137.87956387347927,0.9307264088908032,417.5782255168532,2189
test,SeasonalPersistence_weekly,18,280.15125316972745,114.18283787954608,0.9494781183218427,382.81949329002754,2344
test,SeasonalPersistence_weekly,19,273.128614558881,103.24290903164204,0.9543743906627722,368.99559083503254,2398
test,SeasonalPersistence_weekly,20,297.0016397464035,124.69180381867285,0.9373858730020695,410.42906069148125,2292
test,SeasonalPersistence_weekly,21,307.085317957532,145.08357844310234,0.9163109228903373,434.3338397671518,2188
test,SeasonalPersistence_weekly,22,308.8678870975473,150.57407525393526,0.909893391337494,436.8550612452178,2188
test,SeasonalPersistence_weekly,23,295.29132455993994,137.8348784765915,0.9307416434587641,417.65270869701374,2188
test,SeasonalPersistence_weekly,24,280.15102157851584,114.17739305415598,0.9494784895468209,382.9008623331593,2343
test,Linear Regression,1,81.95286274395124,38.40865192038571,0.9958924433501244,109.9466707568516,2398
test,Linear Regression,2,130.75463576001872,70.17936232974057,0.9878650836270378,179.48965783721565,2292
test,Linear Regression,3,171.4107761402911,91.41897614034366,0.9739260236567701,240.99447713228244,2188
test,Linear Regression,4,194.0647707001417,102.77844739760987,0.9644292372164854,272.82011959211894,2188
test,Linear Regression,5,197.0214473235583,100.4069274368966,0.9691692042216422,276.97749868942896,2188
test,Linear Regression,6,186.4904857316168,84.80786913356907,0.9776133146911848,253.84567045464914,2343
test,Linear Regression,7,188.23419745928862,81.49797414278967,0.978330327003241,253.4450178522235,2398
test,Linear Regression,8,208.23051776740155,101.99327658256058,0.9692234457029905,286.83334804350267,2293
test,Linear Regression,9,220.23552041989947,115.07629736782019,0.9569498176164968,310.2070733146384,2189
test,Linear Regression,10,221.327261200584,118.31577459121365,0.9537258866616198,311.5275105772462,2189
test,Linear Regression,11,208.36591733940904,108.96085364289662,0.9655169734428566,293.15125471493815,2189
test,Linear Regression,12,188.44347024722168,86.9206561427806,0.9771456955655292,256.714183469178,2344
test,Linear Regression,13,187.28114394650933,76.33753281715991,0.9785534633247465,252.4835974174648,2399
test,Linear Regression,14,207.62778634074127,99.16160859880803,0.9694052910670845,286.1793079994831,2293
test,Linear Regression,15,220.4519315546462,113.66129549099263,0.9568695054037154,310.6550480640424,2189
test,Linear Regression,16,222.07586258168678,118.35267814686779,0.9534104104721249,312.74994322201064,2189
test,Linear Regression,17,209.54443497716596,109.40483726691458,0.9651201136727998,295.07612437760775,2189
test,Linear Regression,18,189.097797080848,87.2997225372928,0.9769820142198334,257.7961111035823,2344
test,Linear Regression,19,185.8228609809987,74.74760156007888,0.9788810384903353,250.82452136010505,2398
test,Linear Regression,20,200.910743140798,90.89204206394773,0.9713476032798306,277.37068996978365,2292
test,Linear Regression,21,210.66648626596495,104.51168164276548,0.9606140272428516,297.52967114915003,2188
test,Linear Regression,22,210.6424815591947,109.35721257301071,0.9580914094453533,297.40367598455185,2188
test,Linear Regression,23,200.69720569865117,100.18796418686559,0.9680071111114171,283.3204081609791,2188
test,Linear Regression,24,187.26632591670383,81.32147737581055,0.9774258563083791,255.61097602352953,2343
test,Ridge,1,78.42925103984747,34.26960428724666,0.9962380636806201,105.48699486739785,2398
test,Ridge,2,120.8448300754559,63.48965753930493,0.989634774661823,165.66779894429726,2292
test,Ridge,3,159.59041827123576,85.23571961062778,0.9773981155484036,223.80184867185343,2188
test,Ridge,4,180.5598467039472,95.67042252852379,0.9692077002237869,253.0829045478144,2188
test,Ridge,5,185.44140357346953,93.90869149688938,0.9726868911302023,259.78713621186074,2188
test,Ridge,6,178.80596057589455,82.60965467387203,0.9794202346627705,242.67556047957873,2343
test,Ridge,7,181.37899205339536,79.36922278479406,0.9798799399529163,243.51479510334585,2398
test,Ridge,8,199.40473666201152,98.45733986375863,0.9717770648509428,273.54236865867625,2293
test,Ridge,9,210.42364615217141,112.41672061452154,0.960700289688258,294.8742205764084,2189
test,Ridge,10,210.91333811713324,115.48185186144258,0.9579780330596701,295.4243264757265,2189
test,Ridge,11,199.9439976613797,105.56538523586204,0.9682481704825375,280.0994626645665,2189
test,Ridge,12,183.1661473779424,84.69158321944496,0.9784078323734604,248.56619394994146,2344
test,Ridge,13,182.73617506351653,76.64674434613931,0.979581768517493,245.83756673851397,2399
test,Ridge,14,199.2234690296354,93.7133619760797,0.9718319764825145,273.87867450491365,2293
test,Ridge,15,210.37021482432252,108.07005084157399,0.9607241925218284,295.58444396961295,2189
test,Ridge,16,212.526285023293,113.1997632241723,0.9573310976933516,298.67502842490325,2189
test,Ridge,17,202.3979345159269,104.4987284237864,0.9674586961262136,284.67041952309404,2189
test,Ridge,18,185.53882835526684,83.91156382012754,0.9778402938056249,252.6985792736328,2344
test,Ridge,19,183.5573963841643,73.59621316035208,0.9793928443258244,247.64286034021367,2398
test,Ridge,20,197.48289008085595,87.46157934678209,0.9723169724915373,272.5870720022552,2292
test,Ridge,21,207.13946447418962,101.44772213715136,0.9619218034658692,292.63170196585827,2188
test,Ridge,22,208.01619350050834,106.39838852336588,0.9591299263824781,293.86693160504365,2188
test,Ridge,23,198.75457253682603,97.04371546152005,0.9686234590714962,280.723257754644,2188
test,Ridge,24,186.20810313396896,80.36017365441465,0.9776802637933757,254.13262563780904,2343
test,Random Forest,1,79.59544092531648,30.77919738378647,0.9961253570343271,107.51677668488661,2398
test,Random Forest,2,114.87994079712071,50.50998260293995,0.9906327738917091,158.75148137431552,2292
test,Random Forest,3,150.585033497757,71.6019048483807,0.9798769111765055,212.98372792798565,2188
test,Random Forest,4,173.42864407049026,83.16391329714118,0.9715919496709606,245.29316284396188,2188
test,Random Forest,5,181.29779405454036,81.7751140947453,0.97389385390816,256.4230929591775,2188
test,Random Forest,6,179.25020302511862,73.22875109236782,0.9793178469967564,244.98218935026193,2343
test,Random Forest,7,182.23020895428965,71.68831063763221,0.9796906487607082,246.18656661448463,2398
test,Random Forest,8,196.1807235520382,85.41248210910253,0.9726823144830221,271.04414821005435,2293
test,Random Forest,9,204.55235832449262,99.04706645823516,0.962862792206794,289.2475877507405,2189
test,Random Forest,10,204.25402801258784,103.60567079092614,0.9605897176955178,288.8256723672328,2189
test,Random Forest,11,195.4759326520433,93.84678778649466,0.9696514043258153,276.41290418422943,2189
test,Random Forest,12,184.95202475013957,77.63002232562252,0.9779847307292349,252.72200104855304,2344
test,Random Forest,13,187.31735102798223,73.27793571407759,0.9785451700011758,253.0121188801903,2399
test,Random Forest,14,201.72805489922453,87.07805653948418,0.9711192823669919,278.7089061040231,2293
test,Random Forest,15,209.42783845788023,100.9741224149931,0.9610752849214275,296.1418620982078,2189
test,Random Forest,16,208.33899561675264,105.21995301798977,0.9589958983835986,294.6021816580228,2189
test,Random Forest,17,197.82173347812926,94.79178934007957,0.9689135732682801,279.7302256810082,2189
test,Random Forest,18,184.2543451529068,77.67243118509073,0.9781460545291109,251.76852016385072,2344
test,Random Forest,19,186.28660491563255,73.1637562009599,0.9787754969970909,251.66569154952393,2398
test,Random Forest,20,201.44127275040975,87.89321847053733,0.9711960831112844,278.37294489421083,2292
test,Random Forest,21,211.19855811977962,102.84728988915893,0.9604148248734099,298.7139903384623,2188
test,Random Forest,22,211.96195495750115,107.80565577597005,0.9575647306652226,299.79371984816015,2188
test,Random Forest,23,202.49261802831745,97.84503085629048,0.9674321419239511,286.40052509741,2188
test,Random Forest,24,189.87872952241736,80.67963855610361,0.976791635337509,259.5150238090469,2343
test,HistGradientBoosting,1,75.15637091069878,28.514523521355088,0.9965454864031391,101.53396526682054,2398
test,HistGradientBoosting,2,112.4343645723609,49.822524981038306,0.9910273498033363,155.35828418341572,2292
test,HistGradientBoosting,3,149.13684775974895,69.97785206176877,0.9802621000559697,210.9296434767595,2188
test,HistGradientBoosting,4,170.38626992447172,79.64149726368777,0.9725799045374353,240.98016897984797,2188
test,HistGradientBoosting,5,179.12516401639033,79.28549843758297,0.9745158045935035,253.33968599908397,2188
test,HistGradientBoosting,6,177.04470486994688,70.36502568554137,0.9798236632130287,241.9566032830329,2343
test,HistGradientBoosting,7,179.66942012813792,70.0355068246115,0.9802574322732603,242.6904771848617,2398
test,HistGradientBoosting,8,196.60564152451715,83.22075919260888,0.9725638487512936,271.6244497461674,2293
test,HistGradientBoosting,9,201.10091545689139,95.68634477935208,0.9641054625672381,284.3498952801703,2189
test,HistGradientBoosting,10,201.40428712116037,98.40542331843372,0.9616817463716392,284.78063679342716,2189
test,HistGradientBoosting,11,193.83875637090705,89.1761279102436,0.9701576347542715,274.08911215970625,2189
test,HistGradientBoosting,12,183.76422844206272,77.30465839964248,0.9782665950302084,251.04920464830872,2344
test,HistGradientBoosting,13,184.9378996876433,70.859986722374,0.9790867800616262,249.76944081301824,2399
test,HistGradientBoosting,14,199.21031445042055,85.57263276185896,0.97183569618748,275.2111710443346,2293
test,HistGradientBoosting,15,207.05982293492931,96.7601403612955,0.9619505574672806,292.78567625469316,2189
test,HistGradientBoosting,16,204.8287522991889,100.45468825328906,0.960365990612458,289.6349487901604,2189
test,HistGradientBoosting,17,197.33799615342193,93.07884519863325,0.9690654198696712,279.024839390215,2189
test,HistGradientBoosting,18,185.62455956256653,79.3821244053517,0.9778198105753069,253.55843761162845,2344
test,HistGradientBoosting,19,188.99956489219136,72.16549332174014,0.9781527950542045,255.32266155342086,2398
test,HistGradientBoosting,20,201.88004621573546,88.26502967162344,0.9710704667612159,278.9552730517622,2292
test,HistGradientBoosting,21,210.78342274969773,102.28903422874214,0.9605702904767868,298.10191972982074,2188
test,HistGradientBoosting,22,210.07856477306134,105.95293559972517,0.9583154983689307,297.1165522167586,2188
test,HistGradientBoosting,23,204.03857176740763,95.92952032955905,0.9669329573328186,288.5796714186959,2188
test,HistGradientBoosting,24,192.41439349111948,79.88746437762823,0.9761676418020498,262.98208236614147,2343
test,XGBoost,1,74.57116410256701,28.09152178722205,0.9965990742551034,100.74097634585053,2398
test,XGBoost,2,114.7907962672292,50.11586852489656,0.9906473058104419,158.61579351508286,2292
test,XGBoost,3,151.0625996502298,71.14297837285065,0.979749071846769,213.6435991055221,2188
test,XGBoost,4,172.37397905663806,81.40771766327941,0.971936412682591,243.78422595869944,2188
test,XGBoost,5,177.83561969978734,78.65859554661725,0.9748814115937401,251.51097411457343,2188
test,XGBoost,6,175.7393022172123,69.24473190428772,0.9801200984413784,240.16374389068616,2343
test,XGBoost,7,178.458797914675,67.01126349948836,0.9805225888994266,241.07670161477563,2398
test,XGBoost,8,192.7512190850384,81.74981223706908,0.973629066464801,266.29501667818505,2293
test,XGBoost,9,199.8576097403935,94.52332972003886,0.9645479262687277,282.5866091863658,2189
test,XGBoost,10,199.66467097546254,98.59580172798712,0.9623408303669867,282.2946471625495,2189
test,XGBoost,11,192.03250872784213,89.70160390213064,0.9707112037321701,271.5230952528747,2189
test,XGBoost,12,181.411337145289,73.77778830743947,0.9788195749936104,247.8683690319018,2344
test,XGBoost,13,182.38310773597289,68.07010411764249,0.9796605930425347,246.34669555105015,2399
test,XGBoost,14,195.88792316815335,82.41630697761157,0.972767299983471,270.63275803750395,2293
test,XGBoost,15,203.51151310457854,95.63433700276836,0.9632434629644548,287.75788410708043,2189
test,XGBoost,16,204.35973030107718,100.87550588684684,0.9605472926907525,288.96114944857305,2189
test,XGBoost,17,195.26012279149933,91.0498825170292,0.9697134423736627,276.0935520616707,2189
test,XGBoost,18,182.46304684706251,75.02105282754124,0.9785689117984556,249.3152767345091,2344
test,XGBoost,19,185.05500421816663,69.6217866142311,0.9790552133230682,250.0022206478005,2398
test,XGBoost,20,200.02741398800137,85.17643505432817,0.9715989970952537,276.41187913171996,2292
test,XGBoost,21,208.4931865604693,99.07865571540113,0.961422470953382,294.87694484773897,2188
test,XGBoost,22,206.68570646664054,102.85883191610634,0.9596510704541297,292.32171885987844,2188
test,XGBoost,23,198.94446020441015,94.96628096334845,0.9685634769115263,281.37048406196436,2188
test,XGBoost,24,189.22174281380296,78.50663001078713,0.9769519609155386,258.6192627473763,2343
test,CatBoost,1,88.71822624257086,35.56580721476642,0.9951862780068581,119.79325246329905,2398
test,CatBoost,2,122.04203985841617,55.617212811560684,0.9894283807452036,168.58717349856727,2292
test,CatBoost,3,153.80526886914902,74.47114775228835,0.9790070509923725,217.47640644008715,2188
test,CatBoost,4,173.7062008055116,84.27811401307873,0.9715009479194527,245.61687523139815,2188
test,CatBoost,5,179.99115424710698,81.8672444309866,0.9742687995295338,254.51078532924342,2188
test,CatBoost,6,175.66433761754058,71.11506410892608,0.9801370550468613,240.0012132837463,2343
test,CatBoost,7,178.83280584421553,69.3968912580195,0.9804408631475496,241.45062811124185,2398
test,CatBoost,8,192.71533309011167,83.74355319339209,0.9736388849146882,266.1030008740155,2293
test,CatBoost,9,201.37910453525046,96.21442326062498,0.9640060858451931,284.62190033832,2189
test,CatBoost,10,201.51097355350112,100.50727356116269,0.9616411402795387,284.8130685222188,2189
test,CatBoost,11,192.83794795985628,91.25348495686949,0.9704649973158151,272.5371949548661,2189
test,CatBoost,12,180.1836644257405,74.77881689481855,0.9791052753916151,246.07937532437043,2344
test,CatBoost,13,181.49298269332635,70.27886439110787,0.9798586424749518,245.06243275163024,2399
test,CatBoost,14,195.75926413851744,84.2432778235559,0.972803061066415,270.42215048538606,2293
test,CatBoost,15,204.11222442648895,97.2437182173698,0.9630261518666305,288.57367648388885,2189
test,CatBoost,16,205.12863592763784,102.12138895998723,0.9602498517298079,290.0017745241947,2189
test,CatBoost,17,196.2188355669354,93.04364575487186,0.9694153027240419,277.40301836155874,2189
test,CatBoost,18,182.81343628543797,76.33154833259864,0.9784865232031854,249.75357158305079,2344
test,CatBoost,19,183.46758525583712,71.62357851233318,0.9794130047679573,247.81275553556483,2398
test,CatBoost,20,197.66313683298995,85.59768012159321,0.9722664156769008,273.1190376893419,2292
test,CatBoost,21,206.62656193618642,98.8430929332386,0.9621101425046478,292.20948147967476,2188
test,CatBoost,22,207.30424905638668,103.37442066482653,0.9594092068375443,293.1690083562729,2188
test,CatBoost,23,198.2334238344115,93.82689164866535,0.9687877864178419,280.34408589980785,2188
test,CatBoost,24,185.78623173396647,77.30268200594712,0.97778128401467,253.8986183197213,2343
test,SVR,1,136.03307878151918,57.61175790005977,0.9886826601128754,183.48492364709958,2398
test,SVR,2,160.93484112491495,74.97960048006358,0.9816167307338755,221.99243203337312,2292
test,SVR,3,187.5941781813042,91.19540537333532,0.9687701615971266,264.78826873708886,2188
test,SVR,4,203.17161245449586,100.1709286206097,0.9610124606449707,286.8748633700861,2188
test,SVR,5,205.20392607261925,98.28369197840367,0.9665551651541686,289.90929770792343,2188
test,SVR,6,200.01195886498354,86.2072024906349,0.9742493402389816,273.1039085859401,2343
test,SVR,7,203.87791485505937,81.38747565641485,0.9745788220528,274.6185476580016,2398
test,SVR,8,213.07042737531947,92.00905481370876,0.9677761378410434,293.409702650647,2293
test,SVR,9,220.6315174983669,103.54512100140268,0.9567948646564135,311.1669723429156,2189
test,SVR,10,221.4727582336254,108.52513940819357,0.9536650269269343,312.5191534538679,2189
test,SVR,11,212.69851895975657,102.25301846392199,0.9640680370139401,300.17488566178105,2189
test,SVR,12,203.77533549676173,87.08920150417163,0.973275532819265,278.1195189651138,2344
test,SVR,13,208.7704231241154,81.49202822852132,0.973349399111735,281.7939176472082,2399
test,SVR,14,219.6084929008183,94.04601033181638,0.9657726211796158,303.2395792438137,2293
test,SVR,15,226.02145765145755,106.91092984455129,0.9546626674523258,319.20549971785516,2189
test,SVR,16,225.96211941927956,112.79282046905222,0.951765536985059,318.9551138470692,2189
test,SVR,17,216.42837126880826,106.26417489610536,0.9627907273806791,305.44553018722,2189
test,SVR,18,207.7027773010297,90.21248758364,0.9722298013819868,283.40751104377176,2344
test,SVR,19,211.35264558086357,83.00339269819347,0.9726794366094971,285.25024030589395,2398
test,SVR,20,219.50162258110274,93.80059200999632,0.9657996850457313,303.0296564455347,2292
test,SVR,21,224.89210136327983,106.16828653874437,0.955115222386893,317.4789745760184,2188
test,SVR,22,224.259760233866,110.18099729254845,0.9524977876124974,316.50661451816825,2188
test,SVR,23,216.9161391281215,103.20306123297004,0.9626272945774671,306.2955667956838,2188
test,SVR,24,209.83078869757898,87.61418314037306,0.9716580105921325,286.5543529008717,2343
test,MLP,1,83.89529453809932,38.63231867021054,0.9956954227068066,112.9387619016625,2398
test,MLP,2,115.78125594963785,54.5019499918734,0.9904852121371329,159.85638134231777,2292
test,MLP,3,149.2400896991696,73.86540981159652,0.9802347629566467,211.01835739863623,2188
test,MLP,4,170.3838237138948,84.76093460048187,0.9725806918643258,240.89860074011085,2188
test,MLP,5,178.37717973791345,84.26662541862244,0.9747281921592936,252.11130186917066,2188
test,MLP,6,174.77656993124387,75.00211496202469,0.980337313364662,238.71067831012192,2343
test,MLP,7,177.60612995895895,72.24994948342602,0.9807082686073603,239.59588559425995,2398
test,MLP,8,190.68639826885243,81.7356557758099,0.974191030243825,263.29999632988574,2293
test,MLP,9,198.56017360818333,95.4746665030391,0.9650067279166096,280.6343002028424,2189
test,MLP,10,198.77189909537412,100.98507033630112,0.9626768525753288,280.87737765407815,2189
test,MLP,11,190.80827914121528,93.47756956642638,0.9710834523418057,269.5429188098268,2189
test,MLP,12,179.66255166788153,78.5400047886343,0.9792259607175067,245.43609145389786,2344
test,MLP,13,181.80846558073017,75.86916463668864,0.9797885595855532,245.37962443827652,2399
test,MLP,14,196.15534463520842,88.73429855970534,0.9726928943795603,270.6674045334211,2293
test,MLP,15,203.5889587510359,101.3187930679448,0.9632154824795434,287.6612483710346,2189
test,MLP,16,204.99487612094867,105.06510871112124,0.9603016751974092,289.7756690189289,2189
test,MLP,17,195.85665772842887,94.28660440183486,0.9695281040924237,276.9201251627092,2189
test,MLP,18,182.9904782966246,77.50055114994699,0.9784448344351171,249.98796833364955,2344
test,MLP,19,184.95425875525962,72.83175756215117,0.979078012142937,249.69671392703066,2398
test,MLP,20,198.74124699355886,85.05962543446219,0.9719630571383817,274.5103616167413,2292
test,MLP,21,207.28974931565506,100.03753987908269,0.9618665300617443,293.10043494831154,2188
test,MLP,22,208.33607395733102,106.37429427618179,0.9590041324274298,294.554454990235,2188
test,MLP,23,199.15992499330474,98.82953608302097,0.9684953460194204,281.5711576616366,2188
test,MLP,24,187.05284807265997,83.072751144706,0.9774772946297294,255.45832391812885,2343
test,LSTM,1,106.49049987045014,56.660554031108866,0.9930645118264333,141.85309468375067,2398
test,LSTM,2,129.83741048124853,66.60947728630939,0.9880347359336658,177.54300349403448,2292
test,LSTM,3,157.45167075957386,82.39827345320153,0.977999853582181,221.44572196509083,2188
test,LSTM,4,174.10601132462477,91.00810563120363,0.9713696073743706,245.24845656477436,2188
test,LSTM,5,178.0981431164239,90.37295388249412,0.9748071960355906,251.0410902265777,2188
test,LSTM,6,174.45480423170932,82.70981408995745,0.9804096451913635,237.4777407679152,2343
test,LSTM,7,180.7621193611967,85.81995665005742,0.9800165644824952,242.80094973651643,2398
test,LSTM,8,192.08080630568574,95.56812766525934,0.9738121902378314,263.9961883461986,2293
test,LSTM,9,198.5971380309471,101.39867083013725,0.9649936978463722,279.9981382938384,2189
test,LSTM,10,198.22376476268823,102.54514402163363,0.9628824137328721,279.5356145438206,2189
test,LSTM,11,190.27860737617993,95.01040736218688,0.9712437705459528,268.1121026360159,2189
test,LSTM,12,179.06350605545325,78.92818598260284,0.9793642627740144,243.82542539377863,2344
test,LSTM,13,183.70723097255927,78.87235005674826,0.9793641878978836,247.31963899163037,2399
test,LSTM,14,196.00490289225718,90.25789727548063,0.9727347647981648,269.95717789695993,2293
test,LSTM,15,204.04801091972047,102.19767417498095,0.9630494120803714,287.631919166181,2189
test,LSTM,16,204.35795678935395,108.39797803858303,0.9605479774590795,287.84056005047375,2189
test,LSTM,17,195.3284675737623,102.47779148965495,0.9696922369128229,275.0131849122585,2189
test,LSTM,18,182.70941632861275,86.44108231143372,0.9785109983655756,248.9350130560019,2344
test,LSTM,19,184.90988014340832,84.74946995164969,0.9790880511373564,248.71980711042667,2398
test,LSTM,20,198.84747516996262,94.80592865646499,0.9719330773599636,273.7785180226103,2292
test,LSTM,21,208.5135488725912,108.16609883542635,0.9614149353014093,293.88043350556865,2188
test,LSTM,22,209.68425064866506,112.1684764106442,0.9584718338045303,295.6994399380566,2188
test,LSTM,23,202.08136520199204,106.02767587007658,0.9675642951145882,284.8102375024326,2188
test,LSTM,24,189.76970984950094,89.75294812694652,0.9768182780475945,258.7411136117739,2343
test,GRU,1,102.20536388206223,52.31251191362987,0.9936114443563202,137.49593648517907,2398
test,GRU,2,131.0133545266684,68.7687375230116,0.9878170144077931,180.2467526238325,2292
test,GRU,3,158.60056977176362,83.27948951503308,0.9776776192917143,223.7242429637301,2188
test,GRU,4,177.066328307002,93.59914930002422,0.9703877276567155,249.14729418540503,2188
test,GRU,5,181.49205556761206,88.85423870056167,0.9738378781971188,255.49696138905756,2188
test,GRU,6,178.4628713298562,80.76684221220202,0.9794991349655374,242.64126120200427,2343
test,GRU,7,184.03228713175267,77.8341571159877,0.9792869834936798,247.73819933013775,2398
test,GRU,8,195.4406557439815,85.16933972731502,0.9728880309908332,269.82451616548354,2293
test,GRU,9,202.08311055762073,95.25136603638002,0.9637539819774195,285.5955389397473,2189
test,GRU,10,200.96085723254683,98.93546288368063,0.9618502904896891,283.95431449783985,2189
test,GRU,11,192.16250949437796,92.46370799339387,0.9706715348781821,271.4293692076444,2189
test,GRU,12,179.8339601420378,78.63990982313638,0.9791863025364425,245.1399766606154,2344
test,GRU,13,182.60213364011352,77.61093793406671,0.9796117120688793,246.1622057395729,2399
test,GRU,14,195.47173301937298,86.6177406260922,0.9728828960958507,269.7500532954783,2293
test,GRU,15,203.91976401992417,98.88137432165496,0.9630958453597351,288.023195951424,2189
test,GRU,16,204.50823650628382,101.97414680395546,0.9604899320682111,288.7199324831529,2189
test,GRU,17,197.04265420489244,94.76613220744736,0.9691579458153707,278.0080855562907,2189
test,GRU,18,183.26172075889846,77.0755455251532,0.9783808856501094,249.90831977751375,2344
test,GRU,19,185.6453572053541,74.59019772701947,0.9789213661976008,250.42896228569563,2398
test,GRU,20,199.004226498516,86.17075755799337,0.9718888096469268,274.6656404346763,2292
test,GRU,21,209.04344867583941,100.08244073426367,0.9612185720578521,295.25132542569054,2188
test,GRU,22,209.22046374086528,106.18346325371236,0.9586553375203827,295.534305346162,2188
test,GRU,23,200.88485113244877,96.83221532112664,0.9679472584996343,283.56465006624603,2188
test,GRU,24,189.28410557900455,83.25923359805329,0.9769367662948357,258.2403453883986,2343
test,TSMixer-lite,1,107.50843250424364,60.05565215845699,0.9929312867590676,142.04947840405083,2398
test,TSMixer-lite,2,133.0825405137316,72.29212421790253,0.9874291465632415,180.96205735897288,2292
test,TSMixer-lite,3,159.52837927875285,85.73586407583653,0.9774156845930912,223.8694262403389,2188
test,TSMixer-lite,4,175.4392803769869,93.76906667791711,0.9709294367795563,246.77769600218025,2188
test,TSMixer-lite,5,181.22727997527474,95.81838964506292,0.9739141574410692,254.71351492890435,2188
test,TSMixer-lite,6,179.23514200325965,90.27949271747885,0.9793213223766106,243.26985918896958,2343
test,TSMixer-lite,7,184.93836908157456,87.71765261151786,0.9790825205487698,247.57016497181655,2398
test,TSMixer-lite,8,194.59736979236303,94.88496934504222,0.973121491297613,266.8945860594861,2293
test,TSMixer-lite,9,201.64572498790957,106.88294602224809,0.9639107128262204,283.0998552763874,2189
test,TSMixer-lite,10,201.5482040820382,113.01820131597765,0.9616269648475629,282.6633744714838,2189
test,TSMixer-lite,11,194.34786589152932,104.07530046462577,0.9700006694034152,272.93272038524094,2189
test,TSMixer-lite,12,187.95290971335677,95.08549417282637,0.977264530427275,254.54606121106863,2344
test,TSMixer-lite,13,192.12309113419022,93.4907619627965,0.9774301748959197,257.0298453010904,2399
test,TSMixer-lite,14,202.50873435974265,104.77603184340722,0.9708953154005995,276.88639995530303,2293
test,TSMixer-lite,15,208.330456938424,114.35567607361077,0.9614821396297389,291.9397636860231,2189
test,TSMixer-lite,16,207.9934166696636,114.83602992078063,0.9591318153487702,291.9929155717236,2189
test,TSMixer-lite,17,199.21193888078488,101.66753759595503,0.9684751141454191,279.73594556477366,2189
test,TSMixer-lite,18,190.21250368279328,87.01698183081916,0.9767098383694415,258.14092052741654,2344
test,TSMixer-lite,19,191.6679268459679,83.59974339707192,0.977531547339344,257.2070492170658,2398
test,TSMixer-lite,20,203.06968524197057,93.43171223598391,0.9707285101900044,279.5063250786173,2292
test,TSMixer-lite,21,211.65827248952735,109.34441414602766,0.9602423077919785,297.6470500132407,2188
test,TSMixer-lite,22,211.96309556198563,118.3793692184633,0.9575642739607283,297.87750239959314,2188
test,TSMixer-lite,23,203.9139198222153,111.22716552023205,0.9669733478538919,286.87035885727033,2188
test,TSMixer-lite,24,194.93825399983484,100.82992821358535,0.9755383330348064,264.4001807939172,2343
test,PatchTST-lite,1,126.20974079690488,58.6753843020761,0.9902581586225511,169.83218417253593,2398
test,PatchTST-lite,2,152.4567807123908,74.35881751624585,0.9835025778680234,210.2457836139604,2292
test,PatchTST-lite,3,180.37993597232776,94.75540897054762,0.9711259648220435,254.4099374857787,2188
test,PatchTST-lite,4,194.90554852609074,99.77618349287536,0.9641203517431884,275.1830926625116,2188
test,PatchTST-lite,5,195.1977432664789,93.23441586092451,0.9697373253326986,275.61122756181067,2188
test,PatchTST-lite,6,192.48371170676882,85.36390444315649,0.9761513168571668,262.07409993462835,2343
test,PatchTST-lite,7,190.14877542329467,74.98079561495416,0.9778872696534836,255.79921198628261,2398
test,PatchTST-lite,8,202.51250179154383,84.65381034923412,0.9708904886677893,279.1855637530122,2293
test,PatchTST-lite,9,212.51782611081933,95.6900453940085,0.9599141593848215,300.245938650872,2189
test,PatchTST-lite,10,207.53435429233855,102.98184247678182,0.9593136920021724,293.1032451959673,2189
test,PatchTST-lite,11,195.52992919621278,92.37217303130734,0.9696346355543637,276.37939847578633,2189
test,PatchTST-lite,12,182.11180704512773,78.18117284437062,0.9786556944615219,248.64256601376542,2344
test,PatchTST-lite,13,185.03108799600574,81.16255959708423,0.9790656988381568,248.93415853081058,2399
test,PatchTST-lite,14,202.08800834070354,95.98841368479356,0.9710161238003253,278.388835782554,2293
test,PatchTST-lite,15,209.750282903026,108.17073725630001,0.9609553321937189,295.7631684512818,2189
test,PatchTST-lite,16,212.02093457552442,111.59908159938827,0.957533774860137,299.15013924262684,2189
test,PatchTST-lite,17,203.28461510944473,104.51532686271432,0.9671729526470587,286.2003270525605,2189
test,PatchTST-lite,18,189.44498418663431,87.1706672814003,0.9768974137188917,257.8889448694984,2344
test,PatchTST-lite,19,188.04964891440727,80.85687547365171,0.9783718522411282,253.411968062367,2398
test,PatchTST-lite,20,204.31551922701178,101.35789425666675,0.9703682468578663,281.3378673797688,2292
test,PatchTST-lite,21,211.61231867006666,113.51303463492025,0.9602595697629235,298.56452371608174,2188
test,PatchTST-lite,22,212.56421241587677,114.35745459929814,0.9573232414267224,300.09465422838355,2188
test,PatchTST-lite,23,205.2233144839435,109.78132816948302,0.9665478372600518,288.5778849136839,2188
test,PatchTST-lite,24,190.4150572702019,86.53697560480094,0.9766603423889361,259.42228891574484,2343
test,iTransformer-mini,1,101.93295309482745,53.74583122679597,0.9936454541608155,135.75846527266728,2398
test,iTransformer-mini,2,136.3963655697678,69.43034532240654,0.9867953104929515,187.37911639530518,2292
test,iTransformer-mini,3,164.266373023039,82.27660540519089,0.9760542546026669,231.15230336603494,2188
test,iTransformer-mini,4,183.9051244538933,86.95702926639228,0.968056137103254,259.78947551588186,2188
test,iTransformer-mini,5,189.74012284523482,81.98273762072606,0.9714059232068418,268.25720163568457,2188
test,iTransformer-mini,6,187.23221560842353,74.04535775928701,0.9774348831255342,255.76539771391114,2343
test,iTransformer-mini,7,189.4860049182675,74.1804945840938,0.9780411504659997,255.63177690640973,2398
test,iTransformer-mini,8,204.04259274660834,87.35854904766575,0.970448950864515,281.4361727428355,2293
test,iTransformer-mini,9,212.74302576537718,104.86405323595932,0.9598291585109454,299.67545643770336,2189
test,iTransformer-mini,10,212.3393801884841,104.68054925379536,0.9574078682878532,300.0048916508907,2189
test,iTransformer-mini,11,198.77990232411716,94.9422452184526,0.9686168192872762,280.9591507679818,2189
test,iTransformer-mini,12,185.9749564094673,81.26637741264916,0.9777405334242965,253.8247669764722,2344
test,iTransformer-mini,13,186.3232921741221,80.07827161201092,0.9787722794856552,251.11676498684656,2399
test,iTransformer-mini,14,200.4518456207081,92.1238794897636,0.9714835475297628,276.7126804943359,2293
test,iTransformer-mini,15,209.92415614476946,106.81740174566961,0.9608905729316123,296.79184382151436,2189
test,iTransformer-mini,16,211.85025865149845,115.22662650185251,0.9576021175918698,299.40124611694944,2189
test,iTransformer-mini,17,201.38912418057367,104.29772775958111,0.9677822783957633,284.6133476213683,2189
test,iTransformer-mini,18,187.14552359910292,85.99702915176834,0.9774548429227613,255.63607848201147,2344
test,iTransformer-mini,19,187.14006766172545,82.92450444786031,0.9785805735074901,252.40904356807252,2398
test,iTransformer-mini,20,201.47535263861218,93.72655397140193,0.9711863361781904,278.01399947273023,2292
test,iTransformer-mini,21,212.60550923593829,108.36175945335145,0.9598856553770362,300.2444577231941,2188
test,iTransformer-mini,22,213.92348713296445,113.18200939824273,0.9567756900450759,302.0336873101367,2188
test,iTransformer-mini,23,204.8031587369438,103.15419707756922,0.9666846709416217,289.11784542552664,2188
test,iTransformer-mini,24,193.62853186345595,88.42733049512536,0.9758659276452304,263.8105086045474,2343
test,Ensemble_HistGradientBoosting_w0.5_GRU_w0.5,1,82.53219193046577,37.158033641483755,0.9958341650123168,111.30544611902805,2398
test,Ensemble_HistGradientBoosting_w0.5_GRU_w0.5,2,116.00374478198597,56.28381334496962,0.9904486091825848,160.04349037469316,2292
test,Ensemble_HistGradientBoosting_w0.5_GRU_w0.5,3,148.50242600137264,73.57713279649633,0.9804296712367391,209.86216464303533,2188
test,Ensemble_HistGradientBoosting_w0.5_GRU_w0.5,4,167.98149837472792,83.55348981959621,0.9733484376494602,237.23333567058754,2188
test,Ensemble_HistGradientBoosting_w0.5_GRU_w0.5,5,173.98649345744306,80.30009596887614,0.975956992322425,245.7361069279087,2188
test,Ensemble_HistGradientBoosting_w0.5_GRU_w0.5,6,171.08039869679186,71.59983426788709,0.9811601716523132,233.45702395208016,2343
test,Ensemble_HistGradientBoosting_w0.5_GRU_w0.5,7,175.21295029261807,69.15502415447985,0.9812246643723588,236.4202671943702,2398
test,Ensemble_HistGradientBoosting_w0.5_GRU_w0.5,8,189.69874985701745,79.72518982489734,0.9744576898041831,262.0288202294637,2293
test,Ensemble_HistGradientBoosting_w0.5_GRU_w0.5,9,196.75024777209057,91.89543634254093,0.9656417653245489,278.15742471089504,2189
test,Ensemble_HistGradientBoosting_w0.5_GRU_w0.5,10,196.45236124318512,95.13274113759549,0.963542843509633,277.73025460866927,2189
test,Ensemble_HistGradientBoosting_w0.5_GRU_w0.5,11,188.0117876404615,86.89769895899504,0.9719248445617196,265.7755019667607,2189
test,Ensemble_HistGradientBoosting_w0.5_GRU_w0.5,12,177.40291639310098,74.81327900718766,0.979745229266157,242.1828748671836,2344
test,Ensemble_HistGradientBoosting_w0.5_GRU_w0.5,13,179.7856592992221,71.63223122085151,0.9802358037902162,242.67956084895837,2399
test,Ensemble_HistGradientBoosting_w0.5_GRU_w0.5,14,193.5735409353249,83.84540607168273,0.9734069979309775,267.3408546927177,2293
test,Ensemble_HistGradientBoosting_w0.5_GRU_w0.5,15,202.0883275485138,95.33829143756687,0.9637557530191379,285.6722227768925,2189
test,Ensemble_HistGradientBoosting_w0.5_GRU_w0.5,16,201.41204081734114,98.7987623180935,0.9616772179868194,284.68106272897995,2189
test,Ensemble_HistGradientBoosting_w0.5_GRU_w0.5,17,193.33262110624864,91.0662400033993,0.9703084359147492,273.1944196107697,2189
test,Ensemble_HistGradientBoosting_w0.5_GRU_w0.5,18,180.35429533058027,75.57716448671447,0.9790614136005086,246.22316730433218,2344
test,Ensemble_HistGradientBoosting_w0.5_GRU_w0.5,19,183.67804106047123,71.09814511250764,0.979365746963424,248.03050208837467,2398
test,Ensemble_HistGradientBoosting_w0.5_GRU_w0.5,20,197.0112331907084,85.0902077818546,0.9724490477157965,272.13819283024924,2292
test,Ensemble_HistGradientBoosting_w0.5_GRU_w0.5,21,206.62255818216437,99.12338365646757,0.9621116108560367,292.1065152815741,2188
test,Ensemble_HistGradientBoosting_w0.5_GRU_w0.5,22,206.8326737971484,104.1483067773046,0.959593668489868,292.4195213101725,2188
test,Ensemble_HistGradientBoosting_w0.5_GRU_w0.5,23,199.167440071086,94.10364005850121,0.9684929683885584,281.5436504182916,2188
test,Ensemble_HistGradientBoosting_w0.5_GRU_w0.5,24,186.89812423519732,79.68635472521927,0.9775145392714044,255.3133434669406,2343
