task,model,model_type,train_seconds,val_RMSE,val_MAE,val_R2,val_MaxError,val_NRMSE,val_daylight_RMSE,val_daylight_MAE,val_daylight_R2,val_h1_RMSE,val_h12_RMSE,val_h24_RMSE,val_daily_total_RMSE,val_daily_total_MAE,val_daily_total_R2,val_skill_vs_persistence_daylight,test_RMSE,test_MAE,test_R2,test_MaxError,test_NRMSE,test_daylight_RMSE,test_daylight_MAE,test_daylight_R2,test_h1_RMSE,test_h12_RMSE,test_h24_RMSE,test_daily_total_RMSE,test_daily_total_MAE,test_daily_total_R2,test_skill_vs_persistence_daylight,tabular_model,deep_model,w_tabular,w_deep
24h_multihorizon,Ensemble_HistGradientBoosting_w0.5_TSMixer-lite_w0.5,ensemble,0.0,162.24309620327455,75.0375747680664,0.9807193279266357,2159.159912109375,0.04139648750424385,225.29830052343937,139.991455078125,0.9585859775543213,70.30588163295799,162.13745012912656,170.46066376330054,2045.162768583469,1400.127197265625,0.8778102397918701,0.2716616103037738,179.13629587551486,80.5996322631836,0.976101815700531,2478.03515625,0.045899897813797,248.7674459962557,150.51649475097656,0.9493024945259094,80.2708397541956,173.07058034585197,185.09850629124483,2331.6245409585135,1562.799560546875,0.853286623954773,0.26730631228844237,HistGradientBoosting,TSMixer-lite,0.5,0.5
24h_multihorizon,Ensemble_HistGradientBoosting_w0.7_TSMixer-lite_w0.3,ensemble,0.0,162.29309544193492,74.56858825683594,0.9807074666023254,2103.5693359375,0.041409242898225784,225.44729844245197,139.7936248779297,0.9585312008857727,66.72376664394966,162.3300072383415,170.7463853936592,2041.5814948220902,1408.197509765625,0.8782378435134888,0.27117993377026417,179.47993990450576,80.17696380615234,0.9760100245475769,2489.7099609375,0.04598795250058174,249.32306006715464,150.495849609375,0.9490757584571838,77.05429738887864,173.36358222136792,184.91799280356685,2331.978023052533,1574.860595703125,0.8532421588897705,0.2656698645574258,HistGradientBoosting,TSMixer-lite,0.7,0.30000000000000004
24h_multihorizon,Ensemble_XGBoost_w0.5_TSMixer-lite_w0.5,ensemble,0.0,162.48065389647164,74.19857788085938,0.9806628227233887,2190.386962890625,0.041457097977399826,225.65984841681518,139.5200653076172,0.9584529995918274,70.11038659566606,162.93627732567722,171.0671240697639,2054.042112518631,1406.4866943359375,0.8767469525337219,0.27049280783234986,178.9699586348223,79.75367736816406,0.9761461615562439,2486.32470703125,0.04585728049278259,248.5647237139655,150.06297302246094,0.9493850469589233,79.58389711296815,173.2812020964767,185.37293491769503,2330.437190743402,1564.5965576171875,0.8534359931945801,0.26790338935372193,XGBoost,TSMixer-lite,0.5,0.5
24h_multihorizon,Ensemble_XGBoost_w0.7_TSMixer-lite_w0.3,ensemble,0.0,162.5264101134797,73.27530670166016,0.9806519746780396,2147.287109375,0.041468773037195206,225.80370346830009,138.84674072265625,0.9584000110626221,66.29117603068488,163.14428166694964,171.51109771855872,2053.6381132030056,1414.9368896484375,0.8767954111099243,0.27002775702502124,179.19333679890278,78.9160385131836,0.9760865569114685,2492.69189453125,0.04591451957821846,248.95301075202926,149.65728759765625,0.9492267966270447,76.0137605757997,173.37858233501623,185.2026866874506,2330.6002445722,1577.56494140625,0.8534154891967773,0.2667597692121467,XGBoost,TSMixer-lite,0.7,0.30000000000000004
24h_multihorizon,Ensemble_HistGradientBoosting_w0.7_LSTM_w0.3,ensemble,0.0,162.90726608641495,76.67695617675781,0.9805611968040466,2051.4794921875,0.04156595095992088,226.24578725359729,142.2537384033203,0.9582369327545166,68.03795686393552,163.61904950027977,171.6465697935004,2047.4034775783693,1424.8077392578125,0.8775423765182495,0.2685986002513301,180.5477235213726,82.50333404541016,0.9757237434387207,2529.74169921875,0.04626154899597168,250.75693223219173,153.37796020507812,0.9484883546829224,78.8623083093248,174.67113630870728,185.51359240969379,2350.6293838034103,1600.6353759765625,0.8508851528167725,0.26144668704277707,HistGradientBoosting,LSTM,0.7,0.30000000000000004
24h_multihorizon,Ensemble_HistGradientBoosting_w0.5_LSTM_w0.5,ensemble,0.0,163.10860190567817,78.28598022460938,0.9805130958557129,2072.343505859375,0.041617318987846375,226.37800246490383,143.5668487548828,0.9581881165504456,72.61179755749922,163.86805143544606,171.36164813961437,2050.518471021415,1415.8642578125,0.8771694898605347,0.2681711784116064,180.85188496909564,84.24322509765625,0.9756418466567993,2541.00341796875,0.0463394820690155,251.03997751852194,154.85752868652344,0.9483720064163208,83.44293931240527,175.07334958346743,185.71515066762862,2360.0747869506167,1596.26318359375,0.8496844172477722,0.26061303497950117,HistGradientBoosting,LSTM,0.5,0.5
24h_multihorizon,Ensemble_CatBoost_w0.7_TSMixer-lite_w0.3,ensemble,0.0,163.03646423998222,74.70677947998047,0.980530321598053,2170.24609375,0.04159891605377197,226.46924805036997,141.00352478027344,0.9581543803215027,78.39722883036906,163.05279771825445,168.6396108847948,2056.8443062127963,1421.396240234375,0.8764104247093201,0.26787620209518104,180.7567750286279,80.85929107666016,0.9756674766540527,2513.30908203125,0.046315114945173264,251.04403093630808,152.6913604736328,0.9483703374862671,84.4659723692402,175.32971172194402,184.22011502886974,2359.3488508484706,1589.520751953125,0.8497768640518188,0.2606010964655462,CatBoost,TSMixer-lite,0.7,0.30000000000000004
24h_multihorizon,Ensemble_XGBoost_w0.7_LSTM_w0.3,ensemble,0.0,163.04767084736292,75.12071990966797,0.9805276393890381,2112.11865234375,0.04160177335143089,226.4922218587208,140.9833221435547,0.9581459164619446,67.39914340145577,164.08016571557332,172.08039432014039,2059.1568662926097,1428.81689453125,0.8761323690414429,0.2678019329749056,180.29394943570625,81.08342742919922,0.9757919311523438,2519.267578125,0.04619652405381203,250.45072650373766,152.43788146972656,0.9486140608787537,77.78255887307739,174.80717613451972,185.6189392949976,2350.550680159864,1603.746826171875,0.8508951663970947,0.2623485534565312,XGBoost,LSTM,0.7,0.30000000000000004
24h_multihorizon,Ensemble_CatBoost_w0.5_TSMixer-lite_w0.5,ensemble,0.0,163.10585974873803,75.25546264648438,0.9805137515068054,2206.786376953125,0.04161662235856056,226.4970508913968,141.15347290039062,0.9581441283226013,78.80561652136541,163.07537559361927,169.64786024107406,2055.616817405423,1409.7227783203125,0.8765578866004944,0.26778632180573625,180.27511527523703,81.16190338134766,0.9757969975471497,2501.05078125,0.04619169980287552,250.32516353734795,152.30966186523438,0.9486655592918396,85.67339531069432,174.87120260351617,185.06175067393045,2349.3056420993844,1572.1004638671875,0.8510531187057495,0.26271837352087135,CatBoost,TSMixer-lite,0.5,0.5
24h_multihorizon,Ensemble_XGBoost_w0.5_LSTM_w0.5,ensemble,0.0,163.23415289661352,77.17102813720703,0.9804830551147461,2107.867431640625,0.04164935275912285,226.60829709545058,142.72439575195312,0.9581030011177063,72.18393524748079,164.2459747889579,171.57463527208793,2058.994779012322,1419.8057861328125,0.8761518597602844,0.2674266880182994,180.72291896021378,83.24820709228516,0.9756765961647034,2533.52197265625,0.046306438744068146,250.91240534547111,154.284423828125,0.9484244585037231,82.71131495202908,175.42497506056543,185.77628515233047,2360.4388363183657,1598.2896728515625,0.849638044834137,0.2609887727515704,XGBoost,LSTM,0.5,0.5
24h_multihorizon,Ensemble_HistGradientBoosting_w0.3_TSMixer-lite_w0.7,ensemble,0.0,163.3845934922415,76.37492370605469,0.9804471135139465,2214.750732421875,0.0416877418756485,226.76971558444484,141.85775756835938,0.9580432772636414,76.53145735476197,163.24352135881227,171.61929843042128,2063.2611322854896,1411.0582275390625,0.8756380677223206,0.26690485859451707,179.92179833367885,81.88396453857422,0.9758917689323425,2474.9833984375,0.0461011677980423,249.74575352996496,152.1935577392578,0.94890296459198,85.66117791825974,174.1233342974887,186.53028406937037,2344.517327724408,1567.9049072265625,0.8516596555709839,0.2644249073211694,HistGradientBoosting,TSMixer-lite,0.3,0.7
24h_multihorizon,Ensemble_XGBoost_w0.3_TSMixer-lite_w0.7,ensemble,0.0,163.56787940141243,75.92337799072266,0.9804031848907471,2233.48681640625,0.04173450917005539,227.04897771461117,141.6962127685547,0.957939863204956,76.47733784020598,163.8485807746744,172.01616362096615,2068.712764015343,1415.7103271484375,0.8749800324440002,0.26600206736299903,179.8452948456673,81.4027099609375,0.9759122729301453,2479.95703125,0.04608156532049179,249.66171644096738,151.98812866210938,0.9489372968673706,85.28964322933646,174.36804421610628,186.7361315131595,2343.6963327188955,1568.7200927734375,0.8517634868621826,0.2646724213976016,XGBoost,TSMixer-lite,0.3,0.7
24h_multihorizon,Ensemble_CatBoost_w0.7_LSTM_w0.3,ensemble,0.0,163.58083461434288,76.60570526123047,0.9804000854492188,2118.15625,0.041737813502550125,227.1892709697137,143.38821411132812,0.9578878879547119,81.39498482515677,163.64421678598973,168.96238949097517,2063.015147787335,1437.7890625,0.8756677508354187,0.2655485310368517,181.92264195599734,83.0220718383789,0.9753525853157043,2518.912109375,0.046613842248916626,252.6343006081122,155.5912628173828,0.9477141499519348,87.55650798109613,176.40898193190165,184.62650219429494,2380.0115545938006,1617.58935546875,0.8471341133117676,0.2559172820475313,CatBoost,LSTM,0.7,0.30000000000000004
24h_multihorizon,Ensemble_Random Forest_w0.5_TSMixer-lite_w0.5,ensemble,0.0,163.64484338232293,75.44425201416016,0.9803847670555115,2173.9970703125,0.041754141449928284,227.27800810626178,142.22091674804688,0.9578549861907959,72.9899928928617,164.34569011499815,171.67246020765825,2067.899779970006,1429.734619140625,0.8750782608985901,0.2652616639677725,180.11329442360716,80.89505004882812,0.9758403897285461,2493.77099609375,0.04615023732185364,250.15460844245905,152.5266571044922,0.9487354755401611,82.60801699990292,175.466949567789,185.63301750362191,2346.918831148619,1587.41259765625,0.8513555526733398,0.2632207087075823,Random Forest,TSMixer-lite,0.5,0.5
24h_multihorizon,Ensemble_HistGradientBoosting_w0.7_GRU_w0.3,ensemble,0.0,163.64664557935492,76.49793243408203,0.9803842902183533,2055.6044921875,0.04175460338592529,227.28280325675763,142.53717041015625,0.9578531980514526,67.8651257493033,163.11240372822664,171.70616707765623,2060.9836243890927,1432.49755859375,0.8759124875068665,0.2652461623320195,180.9777643023446,82.05705261230469,0.9756079316139221,2498.91015625,0.046371739357709885,251.3648835607313,153.2381134033203,0.9482382535934448,79.04708038864402,174.3459877298586,185.48212093757178,2353.5331950070304,1600.20263671875,0.8505165576934814,0.2596560906121512,HistGradientBoosting,GRU,0.7,0.30000000000000004
24h_multihorizon,Ensemble_CatBoost_w0.5_LSTM_w0.5,ensemble,0.0,163.88449271705056,78.29883575439453,0.9803272485733032,2119.969970703125,0.04181528836488724,227.48195326772628,144.62222290039062,0.9577793478965759,83.06100979193697,163.9748575430087,169.8553267673699,2061.4485198519997,1427.4912109375,0.8758565187454224,0.2646023554415108,182.1031429918221,84.6656265258789,0.9753036499023438,2533.26806640625,0.04666009545326233,252.78138714608716,156.66517639160156,0.9476532340049744,90.3127568119186,176.60236275670266,185.45045455255698,2380.230451027799,1607.0386962890625,0.8471059799194336,0.25548406870046325,CatBoost,LSTM,0.5,0.5
24h_multihorizon,Ensemble_XGBoost_w0.7_GRU_w0.3,ensemble,0.0,163.90226103344335,75.05030059814453,0.9803230166435242,2114.98974609375,0.041819825768470764,227.6821900972933,141.38711547851562,0.9577049612998962,67.26972439599035,163.9574365975054,172.2945787742609,2073.37587041038,1437.5450439453125,0.8744157552719116,0.26395503511256957,180.78632501519576,80.72109985351562,0.9756594896316528,2498.59033203125,0.04632268846035004,251.13652599233748,152.31442260742188,0.9483322501182556,77.82236696979378,174.47845833189552,185.7118063021304,2353.66554548432,1602.844482421875,0.8504997491836548,0.26032867117522795,XGBoost,GRU,0.7,0.30000000000000004
24h_multihorizon,Ensemble_CatBoost_w0.3_TSMixer-lite_w0.7,ensemble,0.0,164.0962227246563,76.576416015625,0.9802764058113098,2243.326416015625,0.04186931252479553,227.764089506555,142.71800231933594,0.957674503326416,81.55909655255354,164.05234492380777,171.5453827981826,2069.2479310126178,1417.0587158203125,0.874915361404419,0.26369027286749214,180.73645458408495,82.25531005859375,0.9756729602813721,2488.79296875,0.046309906989336014,250.87211165502234,153.36380004882812,0.9484410285949707,88.88509469305723,175.4312376420602,186.78205255390571,2353.9442431799444,1571.814208984375,0.8504643440246582,0.26110744958457877,CatBoost,TSMixer-lite,0.3,0.7
24h_multihorizon,Ensemble_Random Forest_w0.3_TSMixer-lite_w0.7,ensemble,0.0,164.09912091286475,76.52672576904297,0.9802756905555725,2223.653076171875,0.041870053857564926,227.7844975931198,143.01394653320312,0.9576669335365295,78.30940112583865,164.50154349579824,172.14784026019612,2070.8802476241835,1421.120361328125,0.8747179508209229,0.2636242981447763,180.3798184560845,81.9572982788086,0.9757688641548157,2476.3642578125,0.04621852934360504,250.40267570455393,153.1960906982422,0.9486337900161743,87.2115726176148,175.44445791332367,186.72953159248806,2348.391683684815,1576.58251953125,0.8511689305305481,0.26249007726850115,Random Forest,TSMixer-lite,0.3,0.7
24h_multihorizon,Ensemble_HistGradientBoosting_w0.3_LSTM_w0.7,ensemble,0.0,164.36848252288212,80.49903869628906,0.9802109003067017,2093.207763671875,0.04193878173828125,227.92199871885995,146.0348663330078,0.9576157927513123,79.79085515525104,165.0690374036724,172.0359360170136,2064.697798710504,1418.6578369140625,0.8754648566246033,0.2631797881406158,182.22002282611535,86.61532592773438,0.9752719402313232,2552.26513671875,0.046690039336681366,252.74520890612348,157.54786682128906,0.947668194770813,90.18957627114538,176.66185810574675,186.86626233753378,2380.4912308177068,1600.612060546875,0.8470724821090698,0.25559062431487556,HistGradientBoosting,LSTM,0.3,0.7
24h_multihorizon,Ensemble_HistGradientBoosting_w0.7_iTransformer-mini_w0.3,ensemble,0.0,164.18866577431587,77.33959197998047,0.9802541732788086,2063.352294921875,0.041892897337675095,228.0565136923302,144.19686889648438,0.9575657844543457,68.39615260675303,164.2625387622662,172.01823009313577,2076.781765135663,1460.76708984375,0.8740028738975525,0.26274493169056834,181.59094011334926,82.54542541503906,0.9754423499107361,2512.8466796875,0.046528853476047516,252.23352275223053,154.1964874267578,0.9478799104690552,79.14049389179664,175.6840703596231,185.9043983140259,2367.654218841932,1615.5208740234375,0.8487173914909363,0.25709769134105076,HistGradientBoosting,iTransformer-mini,0.7,0.30000000000000004
24h_multihorizon,Ensemble_XGBoost_w0.3_LSTM_w0.7,ensemble,0.0,164.45736410807208,79.83824157714844,0.9801895022392273,2111.94384765625,0.04196145758032799,228.09155576763467,145.5801239013672,0.9575527310371399,79.55700712578685,165.3228257644721,172.10492007965664,2069.7602518166204,1421.1728515625,0.8748533725738525,0.26263164859593524,182.1736808652666,86.03050231933594,0.9752845168113708,2547.7763671875,0.04667816311120987,252.72326917252792,157.248779296875,0.9476773142814636,89.78180473201405,177.02210093304734,186.89428203198193,2380.946240468272,1601.814208984375,0.8470140099525452,0.25565524331778067,XGBoost,LSTM,0.3,0.7
24h_multihorizon,Ensemble_HistGradientBoosting_w0.5_GRU_w0.5,ensemble,0.0,164.39046386385982,78.01811218261719,0.9802055954933167,2079.218994140625,0.041944388300180435,228.17519995608637,144.09437561035156,0.9575216174125671,72.26558952701832,163.25616733181934,171.34007097545805,2073.2298473637697,1430.0079345703125,0.8744334578514099,0.26236124587481924,181.53010683492698,83.45904541015625,0.9754588007926941,2489.6171875,0.04651326313614845,252.00048828077695,154.54737854003906,0.9479761719703674,83.71849629020907,174.5355947310605,185.52561522940707,2363.7363431652016,1593.1597900390625,0.8492176532745361,0.2577840467665745,HistGradientBoosting,GRU,0.5,0.5
24h_multihorizon,Ensemble_XGBoost_w0.7_iTransformer-mini_w0.3,ensemble,0.0,164.4342098682631,75.77859497070312,0.9801950454711914,2147.45654296875,0.04195554926991463,228.43513165666965,142.83547973632812,0.9574247598648071,67.79710726798194,165.04537136610344,172.52016979001326,2088.2921251587386,1463.7740478515625,0.8726023435592651,0.2615209455450166,181.40671027073392,81.13072967529297,0.9754921793937683,2502.5458984375,0.046481646597385406,252.01121471821446,153.14688110351562,0.9479717016220093,78.07739487101084,175.76099605536777,185.99745882000647,2367.1268449324807,1616.3685302734375,0.8487847447395325,0.2577524542365688,XGBoost,iTransformer-mini,0.7,0.30000000000000004
24h_multihorizon,Ensemble_XGBoost_w0.5_GRU_w0.5,ensemble,0.0,164.65182844224657,77.01177978515625,0.9801425933837891,2112.65234375,0.0420110747218132,228.5864596410951,143.38348388671875,0.9573683142662048,71.88606912047528,164.09002150115649,171.73815006427662,2082.5049819868377,1434.67626953125,0.873307466506958,0.26103173643764055,181.4755170298462,82.53458404541016,0.9754735827445984,2496.1552734375,0.04649927467107773,251.96498082570918,153.9898223876953,0.9479908347129822,82.82451269004696,174.88368902644982,185.73535229931323,2364.229367045423,1596.0550537109375,0.8491547107696533,0.2578886267211207,XGBoost,GRU,0.5,0.5
24h_multihorizon,Ensemble_Random Forest_w0.7_TSMixer-lite_w0.3,ensemble,0.0,164.5362683232788,75.29422760009766,0.980170488357544,2150.00244140625,0.041981592774391174,228.60204402246714,143.22869873046875,0.9573625326156616,69.90451425538447,165.55250772036044,172.89083893457166,2087.2043503212617,1465.99267578125,0.8727350234985352,0.260981355661547,181.13747584707588,80.73658752441406,0.9755648970603943,2516.99169921875,0.04641266167163849,251.66087362261936,153.60250854492188,0.9481163024902344,79.86162348869449,176.9632068044089,185.9461552607367,2365.5832261833443,1623.4422607421875,0.8489819169044495,0.25878431235715393,Random Forest,TSMixer-lite,0.7,0.30000000000000004
24h_multihorizon,HistGradientBoosting,tabular_or_boosting,28.67299747467041,164.59208573774134,75.72449493408203,0.9801570177078247,2020.18310546875,0.041995834559202194,228.6926755358597,143.04934692382812,0.9573286771774292,67.15241816662301,165.0352353476372,173.8577116674725,2063.3824172944774,1454.414794921875,0.8756234645843506,0.2606883645010868,182.09207406556718,81.36027526855469,0.9753066301345825,2512.84912109375,0.0466572567820549,253.0027328162682,153.9279327392578,0.947561502456665,76.85389064850588,176.30312253509578,186.99438076450318,2357.199609706399,1624.705078125,0.8500504493713379,0.2548321402510054,,,,
24h_multihorizon,CatBoost,tabular_or_boosting,95.03350138664246,164.65181064901776,75.53490447998047,0.9801425933837891,2115.435791015625,0.0420110709965229,228.7461065242423,143.56277465820312,0.9573087692260742,82.19484876841432,164.79296314808167,168.8207895502654,2086.8186313141828,1467.1890869140625,0.8727820515632629,0.2605156342144045,183.22073009760658,82.1279067993164,0.9749996066093445,2531.69580078125,0.0469464510679245,254.46680622185283,156.1487579345703,0.9469528794288635,86.54964931688053,177.89272684858423,184.62440758198792,2402.022793397265,1645.994873046875,0.844293475151062,0.2505200111525928,,,,
24h_multihorizon,Ensemble_Random Forest_w0.5_LSTM_w0.5,ensemble,0.0,164.79016605406102,78.97138214111328,0.9801092147827148,2128.181884765625,0.04204637184739113,228.76830527850663,146.3205108642578,0.9573004841804504,76.38146325966464,166.43933063206543,173.0953889388016,2078.39252789265,1454.5128173828125,0.8738073110580444,0.2604438706684896,182.09877771075236,84.75614166259766,0.9753048419952393,2560.490234375,0.046658970415592194,252.82167010562998,157.27513122558594,0.9476365447044373,86.36804082855244,178.05520013994257,186.61121641999443,2379.4625443574437,1628.5145263671875,0.8472046256065369,0.25536542347314595,Random Forest,LSTM,0.5,0.5
24h_multihorizon,Ensemble_CatBoost_w0.3_LSTM_w0.7,ensemble,0.0,165.00580600580392,80.55290985107422,0.9800571203231812,2121.783447265625,0.04210139438509941,228.83691142656596,146.7981414794922,0.957274854183197,86.3892557881187,165.18443763714546,171.38055584539046,2071.125539410878,1426.0836181640625,0.8746882677078247,0.2602220825267917,183.12621586627077,86.9174575805664,0.9750253558158875,2547.6240234375,0.0469222329556942,254.02352099510392,158.76271057128906,0.9471375346183777,94.58546998779728,177.74392900145705,186.9270412487182,2392.011914686045,1606.9378662109375,0.8455886840820312,0.25182561722252694,CatBoost,LSTM,0.3,0.7
24h_multihorizon,XGBoost,tabular_or_boosting,39.11745262145996,164.7061837124672,73.77786254882812,0.9801294803619385,2118.495849609375,0.042024943977594376,228.87788433463814,141.2001495361328,0.9572595357894897,66.2285195129334,165.53718780647145,174.7560855968255,2079.4278059120015,1457.978759765625,0.8736815452575684,0.2600896263927812,181.56992239561595,79.6263198852539,0.9754480719566345,2502.2431640625,0.04652346298098564,252.2976060751469,152.51791381835938,0.9478533864021301,75.2797127800711,175.7308677797529,187.18373326761062,2355.93410349271,1626.6014404296875,0.8502113819122314,0.25690894700595346,,,,
24h_multihorizon,Ensemble_CatBoost_w0.7_GRU_w0.3,ensemble,0.0,164.88951675098997,76.74258422851562,0.9800852537155151,2122.28125,0.04207172244787216,229.00828144141425,144.11131286621094,0.9572108387947083,81.8819832422707,164.2850692679496,169.31057354016613,2082.5538408406155,1448.046875,0.8733015060424805,0.25966808207331804,182.8304478369235,82.8690185546875,0.9751060009002686,2519.20751953125,0.04684644937515259,253.89021680147505,155.78231811523438,0.9471929669380188,88.1354603720886,176.77814264990454,184.8533730588923,2388.072339775326,1619.7852783203125,0.8460968732833862,0.2522182374901275,CatBoost,GRU,0.7,0.30000000000000004
24h_multihorizon,Ensemble_Random Forest_w0.3_LSTM_w0.7,ensemble,0.0,165.31923426737131,80.89224243164062,0.9799813032150269,2115.804931640625,0.04218136519193649,229.28358191876714,147.64779663085938,0.9571079015731812,82.40501160427077,166.63712563719108,173.00707287745493,2076.690516181937,1436.36083984375,0.8740139007568359,0.25877809796828066,182.90571341540974,86.88668823242188,0.9750854969024658,2563.95751953125,0.046865735203027725,253.73498262212485,158.92449951171875,0.9472575187683105,92.19355382665049,178.47732151978022,187.36905844482433,2387.9020080396936,1616.0809326171875,0.8461188077926636,0.2526754480502612,Random Forest,LSTM,0.3,0.7
24h_multihorizon,Ensemble_Random Forest_w0.7_LSTM_w0.3,ensemble,0.0,165.38236945031355,77.62532806396484,0.9799659848213196,2140.558837890625,0.04219747334718704,229.74076763278214,146.1033477783203,0.9569367170333862,72.19731061581345,167.13950245603223,174.22065862183223,2097.2129124149506,1488.5552978515625,0.8715115785598755,0.25730012007868197,182.4294812386419,83.22889709472656,0.9752150774002075,2557.0234375,0.04674370959401131,253.42254117382691,156.79078674316406,0.9473873376846313,82.20248793946263,178.756692400942,186.8432351765779,2387.5428791960994,1654.09521484375,0.846165120601654,0.25359568050282577,Random Forest,LSTM,0.7,0.30000000000000004
24h_multihorizon,Ensemble_HistGradientBoosting_w0.5_iTransformer-mini_w0.5,ensemble,0.0,165.74087338183963,79.49728393554688,0.9798790216445923,2106.139404296875,0.042288947850465775,230.09845039678126,147.00244140625,0.956802487373352,73.38400644788857,165.51836189679983,172.00020439668089,2105.6374331778966,1477.57568359375,0.8704771995544434,0.25614381269532416,182.9719710433814,84.38935852050781,0.9750674366950989,2512.8447265625,0.046882711350917816,254.04230393282927,156.3643341064453,0.9471297264099121,83.84036344726059,177.13524913007856,186.3421542150353,2393.245912980946,1623.8529052734375,0.8454293012619019,0.2517702959169078,HistGradientBoosting,iTransformer-mini,0.5,0.5
24h_multihorizon,Ensemble_CatBoost_w0.5_GRU_w0.5,ensemble,0.0,165.83904800664408,78.39950561523438,0.9798551797866821,2126.84521484375,0.04231399670243263,230.2020511963349,145.69041442871094,0.9567635655403137,83.49936260048636,164.7219840557113,170.17481820175394,2091.1355766664196,1443.33154296875,0.8722551465034485,0.2558088947694329,183.34963824275738,84.22193908691406,0.9749643802642822,2510.8818359375,0.04697947949171066,254.51042924357736,156.78530883789062,0.946934700012207,91.04624619012307,176.88789705629947,185.56797314259268,2389.9116092441577,1609.0364990234375,0.845859706401825,0.2503915284545113,CatBoost,GRU,0.5,0.5
24h_multihorizon,Ensemble_CatBoost_w0.7_iTransformer-mini_w0.3,ensemble,0.0,165.92466993714348,77.55531311035156,0.9798343777656555,2138.2216796875,0.04233584180474281,230.470476688447,145.74343872070312,0.9566627144813538,82.60023503674188,166.03548778235634,169.68688996207104,2106.066594388696,1476.396240234375,0.8704243898391724,0.2549411359349272,183.9340489822371,83.44998168945312,0.9748045206069946,2523.1630859375,0.047129224985837936,255.45123984334074,156.95700073242188,0.9465416073799133,88.3331650450441,178.75285181291514,185.26415895620502,2410.494866204863,1639.0377197265625,0.8431931734085083,0.24762056304535907,CatBoost,iTransformer-mini,0.7,0.30000000000000004
24h_multihorizon,Ensemble_XGBoost_w0.5_iTransformer-mini_w0.5,ensemble,0.0,165.99012818914863,78.37570190429688,0.9798184633255005,2166.763671875,0.042352546006441116,230.4834677504007,146.07884216308594,0.9566578269004822,73.00100999943426,166.27455763172247,172.29483383324353,2113.793272768177,1479.974609375,0.8694719076156616,0.2548991387732894,182.92541384742034,83.37647247314453,0.975080132484436,2505.36328125,0.04687078297138214,254.01330243217578,155.65672302246094,0.9471417665481567,83.12670933392889,177.414003155402,186.38911541114734,2392.9118245351206,1623.4207763671875,0.8454724550247192,0.25185571391192674,XGBoost,iTransformer-mini,0.5,0.5
24h_multihorizon,Ensemble_HistGradientBoosting_w0.3_GRU_w0.7,ensemble,0.0,166.22015122082823,80.17047119140625,0.9797624945640564,2102.833251953125,0.042411234229803085,230.51768336453063,146.8646240234375,0.9566449522972107,79.25243058674131,164.5405772522389,171.83688781988866,2096.4727520289885,1437.3634033203125,0.8716022372245789,0.2547885274404921,183.11081429697154,85.46060943603516,0.9750295877456665,2488.74658203125,0.04691828414797783,254.00938097834103,157.00656127929688,0.9471433758735657,90.52653594906579,175.91979817696756,186.41140238059472,2383.9616188185582,1595.9921875,0.8466262817382812,0.2518672637530238,HistGradientBoosting,GRU,0.3,0.7
24h_multihorizon,Ensemble_XGBoost_w0.3_GRU_w0.7,ensemble,0.0,166.42162781058536,79.58685302734375,0.9797134399414062,2121.5693359375,0.04246264323592186,230.83743603453925,146.49923706054688,0.9565246105194092,79.05555181919547,165.17426876635477,172.06118892526285,2102.217162902063,1440.642578125,0.870897650718689,0.25375483946222477,183.12653582973715,84.93016815185547,0.9750252962112427,2493.72021484375,0.046922314912080765,254.06392988527514,156.7354736328125,0.947120726108551,89.99292778202768,176.2778845406451,186.5639551869546,2384.468494235141,1597.5126953125,0.8465610146522522,0.25170660109227194,XGBoost,GRU,0.3,0.7
24h_multihorizon,Ensemble_Random Forest_w0.5_GRU_w0.5,ensemble,0.0,166.28416002433906,78.67146301269531,0.97974693775177,2132.966796875,0.04242756962776184,230.85122711932897,146.7910614013672,0.956519365310669,76.26097193088842,165.80177476620992,173.19623985525783,2104.0470527058087,1470.48583984375,0.8706728219985962,0.25371025600791297,182.94418334221507,83.9417495727539,0.9750750064849854,2509.10400390625,0.046875592321157455,254.00604385033833,156.91224670410156,0.9471448063850403,86.53570207940189,177.5846794049954,186.47754556514303,2384.6878202397897,1628.3687744140625,0.8465328216552734,0.2518770925817633,Random Forest,GRU,0.5,0.5
24h_multihorizon,Ensemble_Random Forest_w0.7_GRU_w0.3,ensemble,0.0,166.29971061309757,77.4144515991211,0.9797431230545044,2143.429931640625,0.0424315370619297,231.01752672957522,146.32595825195312,0.95645672082901,72.21942611107139,166.61414537037365,174.3813226900318,2113.161494065231,1498.728515625,0.8695499300956726,0.25317264702439,182.99932761146965,82.7581558227539,0.975059986114502,2526.19140625,0.04688972234725952,254.2176263804302,156.6076202392578,0.9470567107200623,82.29267272591771,178.48764072233405,186.85807824723554,2391.7394297874507,1654.8568115234375,0.8456238508224487,0.25125391946677833,Random Forest,GRU,0.7,0.30000000000000004
24h_multihorizon,TSMixer-lite,deep_sequence,44.34996294975281,167.2708787416387,79.91486358642578,0.9795058369636536,2298.136962890625,0.042679328471422195,231.93838419394925,147.6111297607422,0.9561088681221008,89.56538125599226,167.27291042634488,175.99332484678217,2116.73722979495,1460.37451171875,0.8691080808639526,0.2501957233583717,183.17989791459107,85.27586364746094,0.9750107526779175,2470.40576171875,0.04693599045276642,254.04292667529634,157.53172302246094,0.9471294283866882,96.9933349836472,178.16523668353489,190.955768356837,2388.1378729043263,1606.9814453125,0.8460884094238281,0.2517684617562006,,,,
24h_multihorizon,Ensemble_Random Forest_w0.7_iTransformer-mini_w0.3,ensemble,0.0,167.01194638221244,78.28070068359375,0.9795692563056946,2175.896728515625,0.04261326417326927,232.02289757694174,148.0218963623047,0.9560769200325012,73.10312506679348,168.2379731957087,174.46789080479823,2130.9466206360025,1524.14208984375,0.867344856262207,0.2499225107281231,183.8044243380719,83.36119079589844,0.9748400449752808,2540.1279296875,0.04709601029753685,255.34864340250567,157.7789306640625,0.9465845823287964,82.71635633578616,180.04027869653223,187.17156651719299,2408.4317511609083,1670.936767578125,0.8434615135192871,0.24792273990085756,Random Forest,iTransformer-mini,0.7,0.30000000000000004
24h_multihorizon,Ensemble_Random Forest_w0.3_GRU_w0.7,ensemble,0.0,167.34824632148076,80.52548217773438,0.979486882686615,2122.503662109375,0.042699072510004044,232.11826861537634,148.4091796875,0.9560407996177673,82.04654916855888,166.08416893814714,172.91197408291308,2111.0176455918127,1456.3570556640625,0.8698144555091858,0.24961419775640636,183.93672485395624,85.7060775756836,0.9748038053512573,2492.01611328125,0.047129906713962555,255.18705608582502,158.33834838867188,0.9466521739959717,92.4456818978718,177.79163432055796,186.96147664692853,2392.6930434136343,1613.5321044921875,0.8455007076263428,0.24839866232901942,Random Forest,GRU,0.3,0.7
24h_multihorizon,Ensemble_CatBoost_w0.3_GRU_w0.7,ensemble,0.0,167.41573206765844,80.50453186035156,0.9794703722000122,2131.408935546875,0.042716287076473236,232.19785474891881,148.045654296875,0.956010639667511,86.49376219379927,165.78764419808252,171.46542677206097,2108.6416243638937,1446.5987548828125,0.8701073527336121,0.2493569138079177,184.49179563397934,86.0301742553711,0.9746515154838562,2502.55615234375,0.04727213457226753,255.9287086402188,158.58714294433594,0.9463416337966919,95.2922826918581,177.68820897677764,186.72914458514504,2400.4767234863994,1606.2125244140625,0.8444938659667969,0.24621427625348902,CatBoost,GRU,0.3,0.7
24h_multihorizon,LSTM,deep_sequence,21.32071280479431,168.1859322669408,84.82231903076172,0.9792810082435608,2124.504150390625,0.0429128035902977,232.81659392373646,151.6642303466797,0.9557758569717407,94.09033537477428,168.60666366205697,174.81728184378682,2106.2109343558163,1443.415283203125,0.8704066276550293,0.24735667016124274,186.21116415577774,91.21096801757812,0.974176824092865,2569.15771484375,0.04771268740296364,257.9015376553618,163.5776824951172,0.9455111622810364,103.41066022629147,181.19435568264814,190.33174163811984,2431.068180862067,1626.358642578125,0.8405051231384277,0.24040371144851358,,,,
24h_multihorizon,Ensemble_CatBoost_w0.5_iTransformer-mini_w0.5,ensemble,0.0,167.76351705972905,79.83611297607422,0.9793849587440491,2160.167236328125,0.0428050272166729,232.92657440167707,148.55169677734375,0.9557340741157532,84.7896725681775,167.688257079916,170.91094400666682,2132.2798831297923,1491.8360595703125,0.8671787977218628,0.24700112817972242,185.36401054749004,85.23809814453125,0.9744112491607666,2517.474609375,0.04749562218785286,257.36071779216815,158.81365966796875,0.9457394480705261,91.28743880937289,180.23117208359102,186.36956103733786,2428.8549771445805,1644.3355712890625,0.8407953977584839,0.2419965858632671,CatBoost,iTransformer-mini,0.5,0.5
24h_multihorizon,Ensemble_Random Forest_w0.5_iTransformer-mini_w0.5,ensemble,0.0,167.831248952631,80.1794204711914,0.9793683290481567,2187.078125,0.04282230883836746,233.0417746885738,149.74163818359375,0.9556902647018433,77.75200334034808,168.6210155200116,173.5852523797745,2138.777454528638,1517.10205078125,0.8663680553436279,0.2466287117378052,184.61045347230475,84.99480438232422,0.9746189117431641,2532.33154296875,0.04730254039168358,256.3545061287201,158.95716857910156,0.9461629390716553,87.03151929940383,180.43183334538006,187.1641366888967,2417.2520555374444,1659.5516357421875,0.8423128128051758,0.24496017674372828,Random Forest,iTransformer-mini,0.5,0.5
24h_multihorizon,Random Forest,tabular_or_boosting,18.500011205673218,168.341032208431,76.85881042480469,0.9792428016662598,2159.124755859375,0.04295238107442856,233.94062247448602,148.1966552734375,0.9553478360176086,70.0546452443555,169.84528230679533,177.8048438597779,2156.448585058313,1561.8309326171875,0.8641507625579834,0.243722940378446,185.0395439156182,82.2412338256836,0.9745007753372192,2551.82275390625,0.047412484884262085,257.1323680276367,158.58084106445312,0.9458357095718384,79.61002974460881,181.88156130776423,189.03501866387086,2430.1861039846312,1712.412109375,0.8406208157539368,0.24266914344166157,,,,
24h_multihorizon,Ensemble_HistGradientBoosting_w0.3_iTransformer-mini_w0.7,ensemble,0.0,168.70927170542524,82.30406951904297,0.9791518449783325,2150.0537109375,0.043046336621046066,234.0603220859956,151.0477752685547,0.9553021192550659,81.04456299719463,168.15929599081045,172.95158846661397,2149.822434528024,1504.814453125,0.8649843335151672,0.24333597863886958,185.69429472590159,86.89334106445312,0.9743199944496155,2512.8427734375,0.04758024960756302,257.66860378206735,159.79611206054688,0.9456095695495605,90.6518279255857,180.04091874314295,187.70586615100765,2433.252761223133,1643.5592041015625,0.8402183651924133,0.24108977058271241,HistGradientBoosting,iTransformer-mini,0.3,0.7
24h_multihorizon,Ensemble_XGBoost_w0.3_iTransformer-mini_w0.7,ensemble,0.0,168.89983510020073,81.63658142089844,0.97910475730896,2190.764892578125,0.04309495911002159,234.35638259390333,150.5310821533203,0.9551889896392822,80.84497305317598,168.72485923834697,173.08916596656186,2154.6078529514366,1506.5347900390625,0.8643825650215149,0.24237888205588975,185.71604459160227,86.29988098144531,0.9743139743804932,2508.35400390625,0.04758582264184952,257.7274784050005,159.4155731201172,0.9455847144126892,90.25737937282469,180.3377636114383,187.72229530945438,2433.0652477892986,1642.5640869140625,0.8402429819107056,0.2409163674092515,XGBoost,iTransformer-mini,0.3,0.7
24h_multihorizon,Ensemble_Random Forest_w0.3_iTransformer-mini_w0.7,ensemble,0.0,169.99661071989053,82.7156753540039,0.978832483291626,2198.259521484375,0.04337480291724205,235.8769955532968,152.69265747070312,0.9546055793762207,84.11285376188796,170.16200920005616,173.79820037366613,2166.302033420086,1525.7906494140625,0.8629064559936523,0.23746308468137456,186.70432214132055,87.25253295898438,0.9740398526191711,2524.53515625,0.04783904552459717,259.0977132280407,161.34060668945312,0.9450045228004456,92.86570970526473,182.1129242736495,188.14702944107302,2444.557424156774,1661.820556640625,0.8387302160263062,0.23688062068401794,Random Forest,iTransformer-mini,0.3,0.7
24h_multihorizon,Ensemble_CatBoost_w0.3_iTransformer-mini_w0.7,ensemble,0.0,170.37157805624446,82.62274169921875,0.9787390232086182,2190.017578125,0.04347047582268715,236.39213647560277,152.2299041748047,0.9544070959091187,88.39634919373792,169.98268523955608,172.64238349294473,2169.028008117922,1516.1322021484375,0.8625612258911133,0.23579775072658105,187.54303672757354,87.53438568115234,0.9738061428070068,2511.78564453125,0.04805395007133484,260.24882924808713,161.54925537109375,0.944514811038971,95.51416677481672,182.41721153032682,188.0094641068635,2457.4714647376886,1657.66845703125,0.8370218276977539,0.23349024362590243,CatBoost,iTransformer-mini,0.3,0.7
24h_multihorizon,GRU,deep_sequence,14.786054849624634,170.91901179725443,84.346923828125,0.9786021709442139,2138.254638671875,0.04361015185713768,236.64889439579048,152.845703125,0.9543079733848572,93.2610949750082,168.54257506450708,174.18041338293466,2151.1925762237092,1467.3505859375,0.8648121953010559,0.23496771051013565,187.34870979673173,89.45773315429688,0.9738603830337524,2490.0673828125,0.0480041578412056,259.5219162228886,162.611572265625,0.9448243379592896,103.79334090965325,180.1692888820123,189.2904411050648,2432.5315003099136,1615.618896484375,0.8403130769729614,0.23563121742954996,,,,
24h_multihorizon,Ridge,tabular_or_boosting,0.04169416427612305,176.42317511809495,91.57771301269531,0.9772018194198608,2207.726806640625,0.04501454532146454,242.8026542405375,160.28009033203125,0.9519007802009583,72.56917833716494,173.47764738036136,175.50865808415264,2138.475859110876,1471.641357421875,0.8664057850837708,0.2150739983716632,191.8178151756244,95.06232452392578,0.9725984334945679,2458.51171875,0.049149271100759506,264.60825998067406,168.6216278076172,0.9426403641700745,81.49358319255879,185.37865598215453,187.2372429733198,2436.040742680631,1630.309814453125,0.839851975440979,0.22065043105721815,,,,
24h_multihorizon,Linear Regression,tabular_or_boosting,0.07451438903808594,176.86207991680976,92.21802520751953,0.977088212966919,2212.269775390625,0.0451265312731266,243.0724316561835,160.3406982421875,0.9517937898635864,73.26515348270111,173.38539757935212,175.8980417564391,2144.8897407559207,1477.5728759765625,0.8656032085418701,0.214201869074498,191.94210959948313,95.6304931640625,0.9725629091262817,2461.63330078125,0.04918111860752106,264.61028242020376,168.66897583007812,0.9426394701004028,81.65193253032962,185.46481935599,187.32436565687337,2438.365846217503,1636.5748291015625,0.8395461440086365,0.2206444743747782,,,,
24h_multihorizon,iTransformer-mini,deep_sequence,7.1185383796691895,175.6512046731391,87.56324768066406,0.9774008989334106,2236.384033203125,0.04481757804751396,243.3855689153529,159.13388061523438,0.9516695141792297,96.09848057461679,174.57133324410682,176.15756663070138,2242.788220051104,1566.77197265625,0.8530547618865967,0.2131895672214993,192.16068918681052,91.81739807128906,0.9725003838539124,2512.84033203125,0.04923712834715843,266.34336684531866,167.19107055664062,0.9418856501579285,103.88872972590674,186.96906077610808,191.44064231831757,2518.7493920594798,1694.4412841796875,0.8287926912307739,0.21554002827867602,,,,
24h_multihorizon,MLP,tabular_or_boosting,9.304529905319214,177.93970076791464,91.18828582763672,0.9768081903457642,2205.60498046875,0.04540148749947548,246.56314163414612,166.86013793945312,0.9503993391990662,104.61542761616234,172.4170883171097,181.66407442722405,2174.299082463128,1544.8740234375,0.8618924021720886,0.20291719414202403,195.16013056590222,96.94467163085938,0.9716351628303528,2450.8515625,0.05000567063689232,270.45821939349526,177.66128540039062,0.9400761127471924,112.55387598834614,184.21030780062227,197.99814550899208,2465.8342401710624,1695.9381103515625,0.8359106779098511,0.20342057078358966,,,,
24h_multihorizon,PatchTST-lite,deep_sequence,8.97385287284851,188.4361940253252,96.27340698242188,0.973991334438324,2406.222412109375,0.048079680651426315,260.0295506043496,170.07821655273438,0.9448333382606506,166.66638411434383,183.0850745725877,184.5586796929367,2431.106949519087,1714.3995361328125,0.8273417949676514,0.15938334323608516,207.44390243207923,104.65912628173828,0.9679521322250366,2358.50146484375,0.053153131157159805,286.3762412674976,185.050537109375,0.9328147768974304,184.3342327811088,196.93935456124558,199.78790511752706,2751.6541388771952,1904.2916259765625,0.7956662178039551,0.15653728948756518,,,,
24h_multihorizon,SeasonalPersistence_yesterday,baseline,0.0,222.58763197053426,89.05035400390625,0.9637096524238586,2438.35205078125,0.0567934550344944,309.33190356395505,171.96917724609375,0.9219306111335754,210.9051178847967,213.07998974856838,213.07998974856838,2684.911916618495,1747.0208740234375,0.789409339427948,0.0,244.3278726936409,97.32577514648438,0.9555426239967346,2617.919921875,0.06260386854410172,339.52448365324113,187.92796325683594,0.9055630564689636,228.91554801935146,227.75629450686978,227.7508061182221,3062.491469375874,1943.149169921875,0.746894121170044,0.0,,,,
24h_multihorizon,SVR,tabular_or_boosting,13.874779224395752,228.94994676784705,123.63822174072266,0.9616053700447083,2114.363037109375,0.058416806161403656,315.7394594440169,218.26402282714844,0.9186628460884094,143.0082220101348,226.60903832371736,197.92107012645218,2633.917045011099,2020.904541015625,0.7973329424858093,-0.020714177251804466,243.65729006126617,130.13339233398438,0.9557862877845764,2353.0361328125,0.06243204325437546,335.33942692442236,228.67620849609375,0.9078768491744995,149.77567862056242,236.6244139585981,215.26064324732008,2852.1682103270136,2153.8662109375,0.7804654836654663,0.012326229566092195,,,,
24h_multihorizon,SeasonalPersistence_weekly,baseline,0.0,275.4159921827344,122.0944595336914,0.9444393515586853,2641.679931640625,0.07027266174554825,382.7452849154382,235.67352294921875,0.8804771304130554,249.53540423905784,264.5525260935907,264.5511381330649,3730.6550363173487,2628.044189453125,0.5934170484542847,-0.23732883839543817,293.97552512921885,129.35316467285156,0.9356393814086914,2625.947998046875,0.07532503455877304,408.5137696577681,249.66282653808594,0.8632859587669373,273.2155885239713,280.3536689388958,280.15101954124674,3983.1645710414728,2818.353271484375,0.5718371868133545,-0.2031938470598964,,,,
24h_multihorizon,Persistence_current,baseline,0.0,1687.2113086391994,1179.1077880859375,-1.0851058959960938,3919.248046875,0.43049362301826477,1861.6796179794203,1524.2994384765625,-1.8277513980865479,259.0851844712468,2134.2680244055573,213.07998974856838,29791.583240908833,25511.64453125,-24.92782974243164,-5.0183886515750675,1669.0036698581582,1163.583740234375,-1.074495792388916,3902.760009765625,0.42764702439308167,1842.369330508951,1504.84912109375,-1.7806932926177979,260.5635269228984,2111.0382516667005,227.7508061182221,29463.690468099885,25126.083984375,-22.42754364013672,-4.426322457471363,,,,
